{
    "loss": 0.36793965101242065,
    "accuracy": 0.9568345546722412
}